Metric,Value
mAP50,0.7441268007673073
mAP50-95,0.3417604777335905
Precision,0.8011049723756906
Recall,0.6682027649769585
F1,0.728643216080402
